temperature,run,tags,summary,approved,latency_ms,planner_ms,reviewer_ms,planner_total_tokens,reviewer_total_tokens,started_at,finished_at,status,error
0.7,1,health inspection; food safety; facility compliance,YUMMY KITCHEN had cold-holding issues and missing handwashing signs. Corrections made on-site; signage to be posted within 48 hours.,True,27404,11665,15739,382,607,2026-08-31T09:04:45.477Z,2026-08-31T09:05:12.882Z,ok,
0.7,2,health inspection; food safety; facility compliance,"YUMMY KITCHEN had cold-holding issues and missing handwashing signs, requiring corrective actions within 48 hours.",True,24239,10083,14155,375,596,2026-08-31T09:05:12.882Z,2026-08-31T09:05:37.122Z,ok,
0.7,3,health inspection; food safety; facility compliance,"Routine health inspection found cold-holding issues and missing signage at YUMMY KITCHEN, with corrections made and signage to be posted soon.",True,27246,10271,16974,376,600,2026-08-31T09:05:37.122Z,2026-08-31T09:06:04.368Z,ok,
0.7,4,health inspection; food safety; cold-holding temperatures,"YUMMY KITCHEN had improper cold-holding temperatures and missing handwashing signs, corrected on-site with signage to be posted within 48 hours.",True,28709,11339,17370,381,610,2026-08-31T09:06:04.368Z,2026-08-31T09:06:33.077Z,ok,
0.7,5,health inspection; food safety; facility compliance,"YUMMY KITCHEN had cold-holding issues and missing signage, requiring corrections within 48 hours.",True,24775,10020,14754,373,591,2026-08-31T09:06:33.077Z,2026-08-31T09:06:57.853Z,ok,
0.7,6,health inspection; food safety; cold-holding temperatures,YUMMY KITCHEN had cold-holding temperature issues and missing signage during a health inspection. Manager fixed refrigerator settings on-site; signage to be posted within 48 hours.,True,29520,9946,19573,371,605,2026-08-31T09:06:57.853Z,2026-08-31T09:07:27.373Z,ok,
0.7,7,health inspection; food safety; facility compliance,"YUMMY KITCHEN had cold-holding issues and missing signage, needing corrections within 48 hours.",True,25106,9835,15270,373,591,2026-08-31T09:07:27.373Z,2026-08-31T09:07:52.479Z,ok,
0.7,8,health inspection; food safety; cold-holding temperatures,"YUMMY KITCHEN had cold-holding temperature issues and missing signage during a health inspection, requiring corrective actions.",True,26953,10577,16375,375,596,2026-08-31T09:07:52.479Z,2026-08-31T09:08:19.433Z,ok,
0.7,9,health inspection; food safety; facility compliance,Yummy Kitchen had cold-holding temperature issues and missing handwashing signs during a health inspection.,True,24294,9088,15205,368,583,2026-08-31T09:08:19.433Z,2026-08-31T09:08:43.727Z,ok,
0.7,10,health inspection; food safety; facility compliance,YUMMY KITCHEN had cold-holding temperature issues and missing handwashing signs during a health inspection.,True,24650,9710,14940,370,587,2026-08-31T09:08:43.727Z,2026-08-31T09:09:08.378Z,ok,
0.7,11,health inspection; food safety; facility compliance,YUMMY KITCHEN had cold-holding temperature issues and missing handwashing signs during a health inspection.,True,22254,9159,13095,370,587,2026-08-31T09:09:08.378Z,2026-08-31T09:09:30.633Z,ok,
0.7,12,health inspection; food safety; facility compliance,"YUMMY KITCHEN had cold-holding issues and missing signage, requiring 48-hour corrective actions.",True,23252,9658,13594,373,591,2026-08-31T09:09:30.633Z,2026-08-31T09:09:53.886Z,ok,
0.7,13,health inspection; food safety; facility compliance,"YUMMY KITCHEN had cold-holding issues and missing signage, requiring corrections within 48 hours.",True,23371,9469,13902,372,590,2026-08-31T09:09:53.886Z,2026-08-31T09:10:17.258Z,ok,
0.7,14,health inspection; cold-holding temperatures; handwashing signage,YUMMY KITCHEN had cold-holding temperature and handwashing signage issues during a health inspection.,True,24451,9530,14920,373,592,2026-08-31T09:10:17.258Z,2026-08-31T09:10:41.709Z,ok,
0.7,15,health inspection; food safety; facility compliance,YUMMY KITCHEN had cold-holding temperature issues and missing handwashing signs during a health inspection. Manager fixed refrigerator settings; signage to be posted within 48 hours.,True,27283,9576,17706,371,603,2026-08-31T09:10:41.709Z,2026-08-31T09:11:08.992Z,ok,
0.7,16,health inspection; food safety; facility compliance,"YUMMY KITCHEN had cold-holding temperature issues and missing handwashing signs, requiring 48-hour corrective actions.",True,24656,10030,14626,375,596,2026-08-31T09:11:08.992Z,2026-08-31T09:11:33.648Z,ok,
0.7,17,health inspection; food safety; facility compliance,YUMMY KITCHEN had cold-holding temperature issues and missing handwashing signs during a health inspection.,True,22343,9097,13245,370,587,2026-08-31T09:11:33.648Z,2026-08-31T09:11:55.992Z,ok,
0.7,18,health inspection; food safety; facility compliance,Yummy Kitchen had cold-holding temperature issues and missing handwashing signs during a health inspection.,True,23665,9201,14463,368,583,2026-08-31T09:11:55.992Z,2026-08-31T09:12:19.657Z,ok,
0.7,19,health inspection; food safety; facility compliance,"YUMMY KITCHEN had cold-holding temperature issues and missing signage, requiring 48-hour corrective actions.",True,23302721,23283514,19206,373,592,2026-08-31T09:12:19.657Z,2026-08-31T15:40:42.378Z,ok,
0.7,20,health inspection; food safety; facility compliance,"YUMMY KITCHEN had cold-holding temperature issues and missing handwashing signs, requiring corrective actions.",True,24924,9514,15409,371,588,2026-08-31T15:40:42.378Z,2026-08-31T15:41:07.303Z,ok,
0.0,1,health inspection; food safety; facility compliance,YUMMY KITCHEN had cold-holding temperature issues and missing handwashing signs during a health inspection.,True,23202,9604,13597,370,587,2026-08-31T15:41:07.358Z,2026-08-31T15:41:30.561Z,ok,
0.0,2,health inspection; food safety; facility compliance,YUMMY KITCHEN had cold-holding temperature issues and missing handwashing signs during a health inspection.,True,22247,9065,13182,370,587,2026-08-31T15:41:30.561Z,2026-08-31T15:41:52.809Z,ok,
0.0,3,health inspection; food safety; facility compliance,YUMMY KITCHEN had cold-holding temperature issues and missing handwashing signs during a health inspection.,True,21852,9039,12812,370,587,2026-08-31T15:41:52.809Z,2026-08-31T15:42:14.661Z,ok,
0.0,4,health inspection; food safety; facility compliance,YUMMY KITCHEN had cold-holding temperature issues and missing handwashing signs during a health inspection.,True,22239,9086,13153,370,587,2026-08-31T15:42:14.661Z,2026-08-31T15:42:36.901Z,ok,
0.0,5,health inspection; food safety; facility compliance,YUMMY KITCHEN had cold-holding temperature issues and missing handwashing signs during a health inspection.,True,21787,9104,12683,370,587,2026-08-31T15:42:36.901Z,2026-08-31T15:42:58.689Z,ok,
0.0,6,health inspection; food safety; facility compliance,YUMMY KITCHEN had cold-holding temperature issues and missing handwashing signs during a health inspection.,True,22497,9329,13168,370,587,2026-08-31T15:42:58.689Z,2026-08-31T15:43:21.187Z,ok,
0.0,7,health inspection; food safety; facility compliance,YUMMY KITCHEN had cold-holding temperature issues and missing handwashing signs during a health inspection.,True,21744,9064,12680,370,587,2026-08-31T15:43:21.187Z,2026-08-31T15:43:42.932Z,ok,
0.0,8,health inspection; food safety; facility compliance,YUMMY KITCHEN had cold-holding temperature issues and missing handwashing signs during a health inspection.,True,24882,9223,15658,370,587,2026-08-31T15:43:42.932Z,2026-08-31T15:44:07.815Z,ok,
0.0,9,health inspection; food safety; facility compliance,YUMMY KITCHEN had cold-holding temperature issues and missing handwashing signs during a health inspection.,True,23017,9172,13844,370,587,2026-08-31T15:44:07.815Z,2026-08-31T15:44:30.832Z,ok,
0.0,10,health inspection; food safety; facility compliance,YUMMY KITCHEN had cold-holding temperature issues and missing handwashing signs during a health inspection.,True,25329,9852,15476,370,587,2026-08-31T15:44:30.832Z,2026-08-31T15:44:56.162Z,ok,
0.0,11,health inspection; food safety; facility compliance,YUMMY KITCHEN had cold-holding temperature issues and missing handwashing signs during a health inspection.,True,23467,9367,14099,370,587,2026-08-31T15:44:56.162Z,2026-08-31T15:45:19.629Z,ok,
0.0,12,health inspection; food safety; facility compliance,YUMMY KITCHEN had cold-holding temperature issues and missing handwashing signs during a health inspection.,True,23559,10021,13537,370,587,2026-08-31T15:45:19.629Z,2026-08-31T15:45:43.189Z,ok,
0.0,13,health inspection; food safety; facility compliance,YUMMY KITCHEN had cold-holding temperature issues and missing handwashing signs during a health inspection.,True,23703,10237,13465,370,587,2026-08-31T15:45:43.189Z,2026-08-31T15:46:06.892Z,ok,
0.0,14,health inspection; food safety; facility compliance,YUMMY KITCHEN had cold-holding temperature issues and missing handwashing signs during a health inspection.,True,21797,9142,12654,370,587,2026-08-31T15:46:06.892Z,2026-08-31T15:46:28.689Z,ok,
0.0,15,health inspection; food safety; facility compliance,YUMMY KITCHEN had cold-holding temperature issues and missing handwashing signs during a health inspection.,True,24179,10894,13284,370,587,2026-08-31T15:46:28.689Z,2026-08-31T15:46:52.869Z,ok,
0.0,16,health inspection; food safety; facility compliance,YUMMY KITCHEN had cold-holding temperature issues and missing handwashing signs during a health inspection.,True,23208,9511,13697,370,587,2026-08-31T15:46:52.869Z,2026-08-31T15:47:16.077Z,ok,
0.0,17,health inspection; food safety; facility compliance,YUMMY KITCHEN had cold-holding temperature issues and missing handwashing signs during a health inspection.,True,23133,9784,13348,370,587,2026-08-31T15:47:16.077Z,2026-08-31T15:47:39.211Z,ok,
0.0,18,health inspection; food safety; facility compliance,YUMMY KITCHEN had cold-holding temperature issues and missing handwashing signs during a health inspection.,True,26051,11244,14807,370,587,2026-08-31T15:47:39.211Z,2026-08-31T15:48:05.263Z,ok,
0.0,19,health inspection; food safety; facility compliance,YUMMY KITCHEN had cold-holding temperature issues and missing handwashing signs during a health inspection.,True,23785,10457,13327,370,587,2026-08-31T15:48:05.263Z,2026-08-31T15:48:29.048Z,ok,
0.0,20,health inspection; food safety; facility compliance,YUMMY KITCHEN had cold-holding temperature issues and missing handwashing signs during a health inspection.,True,22601,9599,13001,370,587,2026-08-31T15:48:29.048Z,2026-08-31T15:48:51.649Z,ok,
