timestamp_utc,page_size,version,request_index,status,sql_queries,client_latency_ms,server_time_ms,records_returned,violations_returned,items_sha256
2026-09-28T08:20:54.711723+00:00,10,naive,1,200,11,22.16,13.965,10,9,c90f9b30f359d785
2026-09-28T08:20:54.724070+00:00,10,fixed,1,200,2,11.99,3.992,10,9,c90f9b30f359d785
2026-09-28T08:20:54.746611+00:00,10,naive,2,200,11,22.208,14.236,10,9,c90f9b30f359d785
2026-09-28T08:20:54.758313+00:00,10,fixed,2,200,2,11.492,3.709,10,9,c90f9b30f359d785
2026-09-28T08:20:54.781381+00:00,10,naive,3,200,11,22.837,14.591,10,9,c90f9b30f359d785
2026-09-28T08:20:54.793064+00:00,10,fixed,3,200,2,11.465,3.901,10,9,c90f9b30f359d785
2026-09-28T08:20:54.814858+00:00,10,naive,4,200,11,21.582,13.926,10,9,c90f9b30f359d785
2026-09-28T08:20:54.827174+00:00,10,fixed,4,200,2,12.077,4.075,10,9,c90f9b30f359d785
2026-09-28T08:20:54.848808+00:00,10,naive,5,200,11,21.421,13.393,10,9,c90f9b30f359d785
2026-09-28T08:20:54.860370+00:00,10,fixed,5,200,2,11.353,3.791,10,9,c90f9b30f359d785
2026-09-28T08:20:54.883764+00:00,10,naive,6,200,11,23.184,14.682,10,9,c90f9b30f359d785
2026-09-28T08:20:54.895675+00:00,10,fixed,6,200,2,11.695,3.966,10,9,c90f9b30f359d785
2026-09-28T08:20:54.917994+00:00,10,naive,7,200,11,22.053,14.384,10,9,c90f9b30f359d785
2026-09-28T08:20:54.930047+00:00,10,fixed,7,200,2,11.834,3.935,10,9,c90f9b30f359d785
2026-09-28T08:20:54.952312+00:00,10,naive,8,200,11,22.052,14.105,10,9,c90f9b30f359d785
2026-09-28T08:20:54.964227+00:00,10,fixed,8,200,2,11.705,4.266,10,9,c90f9b30f359d785
2026-09-28T08:20:54.986623+00:00,10,naive,9,200,11,22.183,14.186,10,9,c90f9b30f359d785
2026-09-28T08:20:54.997983+00:00,10,fixed,9,200,2,11.146,3.699,10,9,c90f9b30f359d785
2026-09-28T08:20:55.020329+00:00,10,naive,10,200,11,22.124,14.465,10,9,c90f9b30f359d785
2026-09-28T08:20:55.032227+00:00,10,fixed,10,200,2,11.687,3.79,10,9,c90f9b30f359d785
2026-09-28T08:20:55.053326+00:00,10,naive,11,200,11,20.884,13.435,10,9,c90f9b30f359d785
2026-09-28T08:20:55.065018+00:00,10,fixed,11,200,2,11.472,3.805,10,9,c90f9b30f359d785
2026-09-28T08:20:55.087575+00:00,10,naive,12,200,11,22.334,14.394,10,9,c90f9b30f359d785
2026-09-28T08:20:55.099715+00:00,10,fixed,12,200,2,11.93,3.717,10,9,c90f9b30f359d785
2026-09-28T08:20:55.121521+00:00,10,naive,13,200,11,21.582,13.998,10,9,c90f9b30f359d785
2026-09-28T08:20:55.132484+00:00,10,fixed,13,200,2,10.75,3.455,10,9,c90f9b30f359d785
2026-09-28T08:20:55.153078+00:00,10,naive,14,200,11,20.372,13.079,10,9,c90f9b30f359d785
2026-09-28T08:20:55.168608+00:00,10,fixed,14,200,2,15.285,6.226,10,9,c90f9b30f359d785
2026-09-28T08:20:55.195722+00:00,10,naive,15,200,11,26.838,15.907,10,9,c90f9b30f359d785
2026-09-28T08:20:55.207181+00:00,10,fixed,15,200,2,11.242,3.72,10,9,c90f9b30f359d785
2026-09-28T08:20:55.230748+00:00,10,naive,16,200,11,23.355,14.78,10,9,c90f9b30f359d785
2026-09-28T08:20:55.242277+00:00,10,fixed,16,200,2,11.317,3.591,10,9,c90f9b30f359d785
2026-09-28T08:20:55.265269+00:00,10,naive,17,200,11,22.753,14.792,10,9,c90f9b30f359d785
2026-09-28T08:20:55.277616+00:00,10,fixed,17,200,2,12.134,3.925,10,9,c90f9b30f359d785
2026-09-28T08:20:55.299842+00:00,10,naive,18,200,11,22.004,14.211,10,9,c90f9b30f359d785
2026-09-28T08:20:55.312108+00:00,10,fixed,18,200,2,12.045,4.067,10,9,c90f9b30f359d785
2026-09-28T08:20:55.336129+00:00,10,naive,19,200,11,23.796,15.391,10,9,c90f9b30f359d785
2026-09-28T08:20:55.348924+00:00,10,fixed,19,200,2,12.576,4.141,10,9,c90f9b30f359d785
2026-09-28T08:20:55.379708+00:00,10,naive,20,200,11,30.558,22.166,10,9,c90f9b30f359d785
2026-09-28T08:20:55.393669+00:00,10,fixed,20,200,2,13.743,4.117,10,9,c90f9b30f359d785
2026-09-28T08:20:55.417715+00:00,10,naive,21,200,11,23.835,15.36,10,9,c90f9b30f359d785
2026-09-28T08:20:55.429926+00:00,10,fixed,21,200,2,11.984,4.098,10,9,c90f9b30f359d785
2026-09-28T08:20:55.453811+00:00,10,naive,22,200,11,23.669,15.732,10,9,c90f9b30f359d785
2026-09-28T08:20:55.466970+00:00,10,fixed,22,200,2,12.938,4.589,10,9,c90f9b30f359d785
2026-09-28T08:20:55.491302+00:00,10,naive,23,200,11,24.109,15.921,10,9,c90f9b30f359d785
2026-09-28T08:20:55.504761+00:00,10,fixed,23,200,2,13.241,4.328,10,9,c90f9b30f359d785
2026-09-28T08:20:55.529910+00:00,10,naive,24,200,11,24.931,15.869,10,9,c90f9b30f359d785
2026-09-28T08:20:55.541620+00:00,10,fixed,24,200,2,11.486,3.595,10,9,c90f9b30f359d785
2026-09-28T08:20:55.563816+00:00,10,naive,25,200,11,21.985,14.094,10,9,c90f9b30f359d785
2026-09-28T08:20:55.575890+00:00,10,fixed,25,200,2,11.763,3.79,10,9,c90f9b30f359d785
2026-09-28T08:20:55.600021+00:00,10,naive,26,200,11,23.781,15.57,10,9,c90f9b30f359d785
2026-09-28T08:20:55.612320+00:00,10,fixed,26,200,2,12.09,4.217,10,9,c90f9b30f359d785
2026-09-28T08:20:55.638020+00:00,10,naive,27,200,11,25.49,17.466,10,9,c90f9b30f359d785
2026-09-28T08:20:55.650288+00:00,10,fixed,27,200,2,12.061,3.914,10,9,c90f9b30f359d785
2026-09-28T08:20:55.675005+00:00,10,naive,28,200,11,24.493,15.507,10,9,c90f9b30f359d785
2026-09-28T08:20:55.688443+00:00,10,fixed,28,200,2,13.221,4.32,10,9,c90f9b30f359d785
2026-09-28T08:20:55.719288+00:00,10,naive,29,200,11,30.517,19.773,10,9,c90f9b30f359d785
2026-09-28T08:20:55.737267+00:00,10,fixed,29,200,2,17.611,4.691,10,9,c90f9b30f359d785
2026-09-28T08:20:55.770742+00:00,10,naive,30,200,11,33.243,22.687,10,9,c90f9b30f359d785
2026-09-28T08:20:55.787251+00:00,10,fixed,30,200,2,16.288,5.627,10,9,c90f9b30f359d785
2026-09-28T08:20:56.260459+00:00,50,naive,1,200,51,91.831,79.184,50,45,87ca375003b5bea9
2026-09-28T08:20:56.280192+00:00,50,fixed,1,200,2,18.941,6.76,50,45,87ca375003b5bea9
2026-09-28T08:20:56.390762+00:00,50,naive,2,200,51,109.711,100.922,50,45,87ca375003b5bea9
2026-09-28T08:20:56.407547+00:00,50,fixed,2,200,2,16.2,7.302,50,45,87ca375003b5bea9
2026-09-28T08:20:56.496553+00:00,50,naive,3,200,51,88.341,78.767,50,45,87ca375003b5bea9
2026-09-28T08:20:56.512630+00:00,50,fixed,3,200,2,15.415,6.007,50,45,87ca375003b5bea9
2026-09-28T08:20:56.605209+00:00,50,naive,4,200,51,91.955,80.747,50,45,87ca375003b5bea9
2026-09-28T08:20:56.623403+00:00,50,fixed,4,200,2,17.6,8.561,50,45,87ca375003b5bea9
2026-09-28T08:20:56.711020+00:00,50,naive,5,200,51,86.95,77.541,50,45,87ca375003b5bea9
2026-09-28T08:20:56.730504+00:00,50,fixed,5,200,2,18.812,6.885,50,45,87ca375003b5bea9
2026-09-28T08:20:56.812061+00:00,50,naive,6,200,51,80.969,72.167,50,45,87ca375003b5bea9
2026-09-28T08:20:56.828896+00:00,50,fixed,6,200,2,16.22,6.217,50,45,87ca375003b5bea9
2026-09-28T08:20:56.910548+00:00,50,naive,7,200,51,81.066,72.16,50,45,87ca375003b5bea9
2026-09-28T08:20:56.927461+00:00,50,fixed,7,200,2,16.293,6.327,50,45,87ca375003b5bea9
2026-09-28T08:20:57.006919+00:00,50,naive,8,200,51,78.885,70.155,50,45,87ca375003b5bea9
2026-09-28T08:20:57.023854+00:00,50,fixed,8,200,2,16.348,7.878,50,45,87ca375003b5bea9
2026-09-28T08:20:57.100087+00:00,50,naive,9,200,51,75.633,67.567,50,45,87ca375003b5bea9
2026-09-28T08:20:57.114790+00:00,50,fixed,9,200,2,14.059,5.836,50,45,87ca375003b5bea9
2026-09-28T08:20:57.193010+00:00,50,naive,10,200,51,77.576,68.553,50,45,87ca375003b5bea9
2026-09-28T08:20:57.208644+00:00,50,fixed,10,200,2,15.057,6.428,50,45,87ca375003b5bea9
2026-09-28T08:20:57.285587+00:00,50,naive,11,200,51,76.375,68.063,50,45,87ca375003b5bea9
2026-09-28T08:20:57.301221+00:00,50,fixed,11,200,2,15.057,6.933,50,45,87ca375003b5bea9
2026-09-28T08:20:57.381002+00:00,50,naive,12,200,51,79.161,70.897,50,45,87ca375003b5bea9
2026-09-28T08:20:57.396112+00:00,50,fixed,12,200,2,14.53,5.791,50,45,87ca375003b5bea9
2026-09-28T08:20:57.475398+00:00,50,naive,13,200,51,78.717,70.199,50,45,87ca375003b5bea9
2026-09-28T08:20:57.491281+00:00,50,fixed,13,200,2,15.297,6.781,50,45,87ca375003b5bea9
2026-09-28T08:20:57.572493+00:00,50,naive,14,200,51,80.551,72.274,50,45,87ca375003b5bea9
2026-09-28T08:20:57.588965+00:00,50,fixed,14,200,2,15.791,6.928,50,45,87ca375003b5bea9
2026-09-28T08:20:57.676806+00:00,50,naive,15,200,51,87.252,78.928,50,45,87ca375003b5bea9
2026-09-28T08:20:57.693632+00:00,50,fixed,15,200,2,16.212,6.579,50,45,87ca375003b5bea9
2026-09-28T08:20:57.789152+00:00,50,naive,16,200,51,94.761,85.185,50,45,87ca375003b5bea9
2026-09-28T08:20:57.803814+00:00,50,fixed,16,200,2,14.089,6.107,50,45,87ca375003b5bea9
2026-09-28T08:20:57.895524+00:00,50,naive,17,200,51,91.127,82.82,50,45,87ca375003b5bea9
2026-09-28T08:20:57.910310+00:00,50,fixed,17,200,2,14.207,5.773,50,45,87ca375003b5bea9
2026-09-28T08:20:57.987649+00:00,50,naive,18,200,51,76.766,68.257,50,45,87ca375003b5bea9
2026-09-28T08:20:58.001457+00:00,50,fixed,18,200,2,13.186,5.585,50,45,87ca375003b5bea9
2026-09-28T08:20:58.078702+00:00,50,naive,19,200,51,76.674,68.581,50,45,87ca375003b5bea9
2026-09-28T08:20:58.093963+00:00,50,fixed,19,200,2,14.687,6.427,50,45,87ca375003b5bea9
2026-09-28T08:20:58.174703+00:00,50,naive,20,200,51,80.161,72.04,50,45,87ca375003b5bea9
2026-09-28T08:20:58.189999+00:00,50,fixed,20,200,2,14.667,6.23,50,45,87ca375003b5bea9
2026-09-28T08:20:58.273592+00:00,50,naive,21,200,51,83.004,75.071,50,45,87ca375003b5bea9
2026-09-28T08:20:58.288136+00:00,50,fixed,21,200,2,13.95,5.875,50,45,87ca375003b5bea9
2026-09-28T08:20:58.362318+00:00,50,naive,22,200,51,73.607,65.691,50,45,87ca375003b5bea9
2026-09-28T08:20:58.376959+00:00,50,fixed,22,200,2,14.07,5.83,50,45,87ca375003b5bea9
2026-09-28T08:20:58.444898+00:00,50,naive,23,200,51,67.371,59.889,50,45,87ca375003b5bea9
2026-09-28T08:20:58.458816+00:00,50,fixed,23,200,2,13.346,5.735,50,45,87ca375003b5bea9
2026-09-28T08:20:58.529213+00:00,50,naive,24,200,51,69.826,62.022,50,45,87ca375003b5bea9
2026-09-28T08:20:58.543289+00:00,50,fixed,24,200,2,13.458,5.712,50,45,87ca375003b5bea9
2026-09-28T08:20:58.612478+00:00,50,naive,25,200,51,68.607,61.061,50,45,87ca375003b5bea9
2026-09-28T08:20:58.627724+00:00,50,fixed,25,200,2,14.58,6.062,50,45,87ca375003b5bea9
2026-09-28T08:20:58.702826+00:00,50,naive,26,200,51,74.515,66.752,50,45,87ca375003b5bea9
2026-09-28T08:20:58.719353+00:00,50,fixed,26,200,2,15.898,6.88,50,45,87ca375003b5bea9
2026-09-28T08:20:58.799608+00:00,50,naive,27,200,51,79.578,70.712,50,45,87ca375003b5bea9
2026-09-28T08:20:58.815196+00:00,50,fixed,27,200,2,15.001,6.826,50,45,87ca375003b5bea9
2026-09-28T08:20:58.893850+00:00,50,naive,28,200,51,78.06,69.707,50,45,87ca375003b5bea9
2026-09-28T08:20:58.910266+00:00,50,fixed,28,200,2,15.813,7.004,50,45,87ca375003b5bea9
2026-09-28T08:20:58.986415+00:00,50,naive,29,200,51,75.545,65.555,50,45,87ca375003b5bea9
2026-09-28T08:20:59.000662+00:00,50,fixed,29,200,2,13.642,5.718,50,45,87ca375003b5bea9
2026-09-28T08:20:59.070178+00:00,50,naive,30,200,51,68.943,61.338,50,45,87ca375003b5bea9
2026-09-28T08:20:59.084483+00:00,50,fixed,30,200,2,13.734,6.01,50,45,87ca375003b5bea9
2026-09-28T08:21:00.338621+00:00,200,naive,1,200,201,413.084,402.013,200,162,382278f495dc2876
2026-09-28T08:21:00.381127+00:00,200,fixed,1,200,2,40.09,22.281,200,162,382278f495dc2876
2026-09-28T08:21:00.980744+00:00,200,naive,2,200,201,596.863,580.307,200,162,382278f495dc2876
2026-09-28T08:21:01.024016+00:00,200,fixed,2,200,2,40.538,22.459,200,162,382278f495dc2876
2026-09-28T08:21:01.781276+00:00,200,naive,3,200,201,754.673,738.802,200,162,382278f495dc2876
2026-09-28T08:21:01.830716+00:00,200,fixed,3,200,2,46.615,24.693,200,162,382278f495dc2876
2026-09-28T08:21:02.481804+00:00,200,naive,4,200,201,648.585,633.159,200,162,382278f495dc2876
2026-09-28T08:21:02.527660+00:00,200,fixed,4,200,2,43.722,24.43,200,162,382278f495dc2876
2026-09-28T08:21:03.308879+00:00,200,naive,5,200,201,777.292,756.94,200,162,382278f495dc2876
2026-09-28T08:21:03.375192+00:00,200,fixed,5,200,2,62.241,34.607,200,162,382278f495dc2876
2026-09-28T08:21:04.177021+00:00,200,naive,6,200,201,798.474,773.051,200,162,382278f495dc2876
2026-09-28T08:21:04.225932+00:00,200,fixed,6,200,2,45.657,23.697,200,162,382278f495dc2876
2026-09-28T08:21:04.865095+00:00,200,naive,7,200,201,635.739,618.47,200,162,382278f495dc2876
2026-09-28T08:21:04.908883+00:00,200,fixed,7,200,2,40.546,23.18,200,162,382278f495dc2876
2026-09-28T08:21:05.570676+00:00,200,naive,8,200,201,658.6,635.882,200,162,382278f495dc2876
2026-09-28T08:21:05.619088+00:00,200,fixed,8,200,2,44.003,20.7,200,162,382278f495dc2876
2026-09-28T08:21:06.311563+00:00,200,naive,9,200,201,688.908,670.705,200,162,382278f495dc2876
2026-09-28T08:21:06.364298+00:00,200,fixed,9,200,2,48.552,25.739,200,162,382278f495dc2876
2026-09-28T08:21:07.125315+00:00,200,naive,10,200,201,756.977,732.956,200,162,382278f495dc2876
2026-09-28T08:21:07.172627+00:00,200,fixed,10,200,2,43.797,22.134,200,162,382278f495dc2876
2026-09-28T08:21:07.903328+00:00,200,naive,11,200,201,727.367,706.106,200,162,382278f495dc2876
2026-09-28T08:21:07.952131+00:00,200,fixed,11,200,2,44.949,23.186,200,162,382278f495dc2876
2026-09-28T08:21:08.635266+00:00,200,naive,12,200,201,679.227,659.397,200,162,382278f495dc2876
2026-09-28T08:21:08.687826+00:00,200,fixed,12,200,2,48.694,30.143,200,162,382278f495dc2876
2026-09-28T08:21:09.453065+00:00,200,naive,13,200,201,761.791,741.977,200,162,382278f495dc2876
2026-09-28T08:21:09.500494+00:00,200,fixed,13,200,2,45.023,24.838,200,162,382278f495dc2876
2026-09-28T08:21:10.137569+00:00,200,naive,14,200,201,633.614,618.044,200,162,382278f495dc2876
2026-09-28T08:21:10.183377+00:00,200,fixed,14,200,2,43.027,26.923,200,162,382278f495dc2876
2026-09-28T08:21:10.823003+00:00,200,naive,15,200,201,636.316,614.585,200,162,382278f495dc2876
2026-09-28T08:21:10.881166+00:00,200,fixed,15,200,2,55.424,31.852,200,162,382278f495dc2876
2026-09-28T08:21:11.575042+00:00,200,naive,16,200,201,690.558,665.217,200,162,382278f495dc2876
2026-09-28T08:21:11.636212+00:00,200,fixed,16,200,2,58.124,23.029,200,162,382278f495dc2876
2026-09-28T08:21:12.329667+00:00,200,naive,17,200,201,690.594,667.916,200,162,382278f495dc2876
2026-09-28T08:21:12.375419+00:00,200,fixed,17,200,2,43.284,24.37,200,162,382278f495dc2876
2026-09-28T08:21:13.486797+00:00,200,naive,18,200,201,1109.109,1093.429,200,162,382278f495dc2876
2026-09-28T08:21:13.526774+00:00,200,fixed,18,200,2,37.536,23.201,200,162,382278f495dc2876
2026-09-28T08:21:13.978263+00:00,200,naive,19,200,201,449.194,433.974,200,162,382278f495dc2876
2026-09-28T08:21:14.002114+00:00,200,fixed,19,200,2,21.971,12.705,200,162,382278f495dc2876
2026-09-28T08:21:14.287018+00:00,200,naive,20,200,201,283.071,274.255,200,162,382278f495dc2876
2026-09-28T08:21:14.310569+00:00,200,fixed,20,200,2,21.756,12.639,200,162,382278f495dc2876
2026-09-28T08:21:14.574874+00:00,200,naive,21,200,201,261.872,249.393,200,162,382278f495dc2876
2026-09-28T08:21:14.602422+00:00,200,fixed,21,200,2,25.65,15.043,200,162,382278f495dc2876
2026-09-28T08:21:14.856178+00:00,200,naive,22,200,201,251.903,242.618,200,162,382278f495dc2876
2026-09-28T08:21:14.880379+00:00,200,fixed,22,200,2,22.386,13.13,200,162,382278f495dc2876
2026-09-28T08:21:15.181936+00:00,200,naive,23,200,201,299.647,290.013,200,162,382278f495dc2876
2026-09-28T08:21:15.208554+00:00,200,fixed,23,200,2,24.642,13.442,200,162,382278f495dc2876
2026-09-28T08:21:15.482114+00:00,200,naive,24,200,201,271.716,259.911,200,162,382278f495dc2876
2026-09-28T08:21:15.505745+00:00,200,fixed,24,200,2,21.823,12.791,200,162,382278f495dc2876
2026-09-28T08:21:15.772001+00:00,200,naive,25,200,201,264.006,253.931,200,162,382278f495dc2876
2026-09-28T08:21:15.796927+00:00,200,fixed,25,200,2,22.925,13.026,200,162,382278f495dc2876
2026-09-28T08:21:16.097772+00:00,200,naive,26,200,201,298.993,289.493,200,162,382278f495dc2876
2026-09-28T08:21:16.126254+00:00,200,fixed,26,200,2,26.671,16.197,200,162,382278f495dc2876
2026-09-28T08:21:16.444422+00:00,200,naive,27,200,201,316.332,306.055,200,162,382278f495dc2876
2026-09-28T08:21:16.474788+00:00,200,fixed,27,200,2,28.418,17.442,200,162,382278f495dc2876
2026-09-28T08:21:16.801620+00:00,200,naive,28,200,201,324.978,314.44,200,162,382278f495dc2876
2026-09-28T08:21:16.831839+00:00,200,fixed,28,200,2,28.076,17.909,200,162,382278f495dc2876
2026-09-28T08:21:17.120141+00:00,200,naive,29,200,201,286.436,275.3,200,162,382278f495dc2876
2026-09-28T08:21:17.145445+00:00,200,fixed,29,200,2,23.182,12.844,200,162,382278f495dc2876
2026-09-28T08:21:17.545862+00:00,200,naive,30,200,201,398.479,388.919,200,162,382278f495dc2876
2026-09-28T08:21:17.578929+00:00,200,fixed,30,200,2,31.023,20.099,200,162,382278f495dc2876
