chunk_id,source,chars,tokens
abc-retail-food-inspection-guide.pdf#000,abc-retail-food-inspection-guide.pdf.txt,2033,383
abc-retail-food-inspection-guide.pdf#001,abc-retail-food-inspection-guide.pdf.txt,4840,465
abc-retail-food-inspection-guide.pdf#002,abc-retail-food-inspection-guide.pdf.txt,2300,447
abc-retail-food-inspection-guide.pdf#003,abc-retail-food-inspection-guide.pdf.txt,2544,481
abc-retail-food-inspection-guide.pdf#004,abc-retail-food-inspection-guide.pdf.txt,2361,467
abc-retail-food-inspection-guide.pdf#005,abc-retail-food-inspection-guide.pdf.txt,2248,457
abc-retail-food-inspection-guide.pdf#006,abc-retail-food-inspection-guide.pdf.txt,2596,470
abc-retail-food-inspection-guide.pdf#007,abc-retail-food-inspection-guide.pdf.txt,2519,471
abc-retail-food-inspection-guide.pdf#008,abc-retail-food-inspection-guide.pdf.txt,2373,458
abc-retail-food-inspection-guide.pdf#009,abc-retail-food-inspection-guide.pdf.txt,2288,445
abc-retail-food-inspection-guide.pdf#010,abc-retail-food-inspection-guide.pdf.txt,2336,451
abc-retail-food-inspection-guide.pdf#011,abc-retail-food-inspection-guide.pdf.txt,2336,475
abc-retail-food-inspection-guide.pdf#012,abc-retail-food-inspection-guide.pdf.txt,1969,387
abc-retail-food-inspection-guide.pdf#013,abc-retail-food-inspection-guide.pdf.txt,2005,458
abc-retail-food-inspection-guide.pdf#014,abc-retail-food-inspection-guide.pdf.txt,1929,470
abc-retail-food-inspection-guide.pdf#015,abc-retail-food-inspection-guide.pdf.txt,1856,446
abc-retail-food-inspection-guide.pdf#016,abc-retail-food-inspection-guide.pdf.txt,2042,468
abc-retail-food-inspection-guide.pdf#017,abc-retail-food-inspection-guide.pdf.txt,1544,398
abc-retail-food-inspection-guide.pdf#018,abc-retail-food-inspection-guide.pdf.txt,1786,460
abc-retail-food-inspection-guide.pdf#019,abc-retail-food-inspection-guide.pdf.txt,1787,472
abc-retail-food-inspection-guide.pdf#020,abc-retail-food-inspection-guide.pdf.txt,1852,467
abc-retail-food-inspection-guide.pdf#021,abc-retail-food-inspection-guide.pdf.txt,1904,449
abc-retail-food-inspection-guide.pdf#022,abc-retail-food-inspection-guide.pdf.txt,2038,469
abc-retail-food-inspection-guide.pdf#023,abc-retail-food-inspection-guide.pdf.txt,2068,465
abc-retail-food-inspection-guide.pdf#024,abc-retail-food-inspection-guide.pdf.txt,1909,470
abc-retail-food-inspection-guide.pdf#025,abc-retail-food-inspection-guide.pdf.txt,2047,473
abc-retail-food-inspection-guide.pdf#026,abc-retail-food-inspection-guide.pdf.txt,1858,460
abc-retail-food-inspection-guide.pdf#027,abc-retail-food-inspection-guide.pdf.txt,1735,426
abc-retail-food-inspection-guide.pdf#028,abc-retail-food-inspection-guide.pdf.txt,1766,476
abc-retail-food-inspection-guide.pdf#029,abc-retail-food-inspection-guide.pdf.txt,1795,449
abc-retail-food-inspection-guide.pdf#030,abc-retail-food-inspection-guide.pdf.txt,1990,464
abc-retail-food-inspection-guide.pdf#031,abc-retail-food-inspection-guide.pdf.txt,1984,462
abc-retail-food-inspection-guide.pdf#032,abc-retail-food-inspection-guide.pdf.txt,1809,461
abc-retail-food-inspection-guide.pdf#033,abc-retail-food-inspection-guide.pdf.txt,1841,469
abc-retail-food-inspection-guide.pdf#034,abc-retail-food-inspection-guide.pdf.txt,1726,454
abc-retail-food-inspection-guide.pdf#035,abc-retail-food-inspection-guide.pdf.txt,1836,465
abc-retail-food-inspection-guide.pdf#036,abc-retail-food-inspection-guide.pdf.txt,1919,473
abc-retail-food-inspection-guide.pdf#037,abc-retail-food-inspection-guide.pdf.txt,1891,457
abc-retail-food-inspection-guide.pdf#038,abc-retail-food-inspection-guide.pdf.txt,2009,469
abc-retail-food-inspection-guide.pdf#039,abc-retail-food-inspection-guide.pdf.txt,1849,459
abc-retail-food-inspection-guide.pdf#040,abc-retail-food-inspection-guide.pdf.txt,2076,463
abc-retail-food-inspection-guide.pdf#041,abc-retail-food-inspection-guide.pdf.txt,2073,478
abc-retail-food-inspection-guide.pdf#042,abc-retail-food-inspection-guide.pdf.txt,2050,469
abc-retail-food-inspection-guide.pdf#043,abc-retail-food-inspection-guide.pdf.txt,1834,455
abc-retail-food-inspection-guide.pdf#044,abc-retail-food-inspection-guide.pdf.txt,1922,452
abc-retail-food-inspection-guide.pdf#045,abc-retail-food-inspection-guide.pdf.txt,2037,466
abc-retail-food-inspection-guide.pdf#046,abc-retail-food-inspection-guide.pdf.txt,1897,450
abc-retail-food-inspection-guide.pdf#047,abc-retail-food-inspection-guide.pdf.txt,1841,456
abc-retail-food-inspection-guide.pdf#048,abc-retail-food-inspection-guide.pdf.txt,2012,440
abc-retail-food-inspection-guide.pdf#049,abc-retail-food-inspection-guide.pdf.txt,2091,481
abc-retail-food-inspection-guide.pdf#050,abc-retail-food-inspection-guide.pdf.txt,1926,472
abc-retail-food-inspection-guide.pdf#051,abc-retail-food-inspection-guide.pdf.txt,1406,315
abc-retail-food-inspection-guide.pdf#052,abc-retail-food-inspection-guide.pdf.txt,1755,473
abc-retail-food-inspection-guide.pdf#053,abc-retail-food-inspection-guide.pdf.txt,1872,462
abc-retail-food-inspection-guide.pdf#054,abc-retail-food-inspection-guide.pdf.txt,2044,467
abc-retail-food-inspection-guide.pdf#055,abc-retail-food-inspection-guide.pdf.txt,1600,446
abc-retail-food-inspection-guide.pdf#056,abc-retail-food-inspection-guide.pdf.txt,2004,466
abc-retail-food-inspection-guide.pdf#057,abc-retail-food-inspection-guide.pdf.txt,1799,463
abc-retail-food-inspection-guide.pdf#058,abc-retail-food-inspection-guide.pdf.txt,1924,455
abc-retail-food-inspection-guide.pdf#059,abc-retail-food-inspection-guide.pdf.txt,2039,466
abc-retail-food-inspection-guide.pdf#060,abc-retail-food-inspection-guide.pdf.txt,1942,463
abc-retail-food-inspection-guide.pdf#061,abc-retail-food-inspection-guide.pdf.txt,1960,466
abc-retail-food-inspection-guide.pdf#062,abc-retail-food-inspection-guide.pdf.txt,1905,464
abc-retail-food-inspection-guide.pdf#063,abc-retail-food-inspection-guide.pdf.txt,1852,440
abc-retail-food-inspection-guide.pdf#064,abc-retail-food-inspection-guide.pdf.txt,1924,465
abc-retail-food-inspection-guide.pdf#065,abc-retail-food-inspection-guide.pdf.txt,1838,437
abc-retail-food-inspection-guide.pdf#066,abc-retail-food-inspection-guide.pdf.txt,1783,405
abc-retail-food-inspection-guide.pdf#067,abc-retail-food-inspection-guide.pdf.txt,1851,460
abc-retail-food-inspection-guide.pdf#068,abc-retail-food-inspection-guide.pdf.txt,1880,458
abc-retail-food-inspection-guide.pdf#069,abc-retail-food-inspection-guide.pdf.txt,1754,430
abc-retail-food-inspection-guide.pdf#070,abc-retail-food-inspection-guide.pdf.txt,2010,453
abc-retail-food-inspection-guide.pdf#071,abc-retail-food-inspection-guide.pdf.txt,2057,467
abc-retail-food-inspection-guide.pdf#072,abc-retail-food-inspection-guide.pdf.txt,1999,456
abc-retail-food-inspection-guide.pdf#073,abc-retail-food-inspection-guide.pdf.txt,1927,406
abc-retail-food-inspection-guide.pdf#074,abc-retail-food-inspection-guide.pdf.txt,2035,467
abc-retail-food-inspection-guide.pdf#075,abc-retail-food-inspection-guide.pdf.txt,1965,478
abc-retail-food-inspection-guide.pdf#076,abc-retail-food-inspection-guide.pdf.txt,1686,445
abc-retail-food-inspection-guide.pdf#077,abc-retail-food-inspection-guide.pdf.txt,1549,370
print#000,print.txt,2038,454
print#001,print.txt,1524,338
print1#000,print1.txt,2095,453
print1#001,print1.txt,1957,413
print1#002,print1.txt,1555,375
print1#003,print1.txt,1034,240
retail-food-inspection-guide#000,retail-food-inspection-guide.txt,3806,440
retail-food-inspection-guide#001,retail-food-inspection-guide.txt,2711,485
retail-food-inspection-guide#002,retail-food-inspection-guide.txt,2540,468
retail-food-inspection-guide#003,retail-food-inspection-guide.txt,2500,483
retail-food-inspection-guide#004,retail-food-inspection-guide.txt,2240,441
retail-food-inspection-guide#005,retail-food-inspection-guide.txt,2254,469
retail-food-inspection-guide#006,retail-food-inspection-guide.txt,2272,442
retail-food-inspection-guide#007,retail-food-inspection-guide.txt,2557,483
retail-food-inspection-guide#008,retail-food-inspection-guide.txt,2499,472
retail-food-inspection-guide#009,retail-food-inspection-guide.txt,2524,483
retail-food-inspection-guide#010,retail-food-inspection-guide.txt,2064,444
retail-food-inspection-guide#011,retail-food-inspection-guide.txt,2157,448
retail-food-inspection-guide#012,retail-food-inspection-guide.txt,1205,261
retail-food-inspection-guide#013,retail-food-inspection-guide.txt,1880,380
retail-food-inspection-guide#014,retail-food-inspection-guide.txt,2351,486
retail-food-inspection-guide#015,retail-food-inspection-guide.txt,2399,480
retail-food-inspection-guide#016,retail-food-inspection-guide.txt,2140,480
retail-food-inspection-guide#017,retail-food-inspection-guide.txt,2217,463
retail-food-inspection-guide#018,retail-food-inspection-guide.txt,1860,466
retail-food-inspection-guide#019,retail-food-inspection-guide.txt,2476,489
retail-food-inspection-guide#020,retail-food-inspection-guide.txt,2371,483
retail-food-inspection-guide#021,retail-food-inspection-guide.txt,2062,477
retail-food-inspection-guide#022,retail-food-inspection-guide.txt,2019,443
retail-food-inspection-guide#023,retail-food-inspection-guide.txt,1913,388
retail-food-inspection-guide#024,retail-food-inspection-guide.txt,2149,460
retail-food-inspection-guide#025,retail-food-inspection-guide.txt,2005,447
retail-food-inspection-guide#026,retail-food-inspection-guide.txt,2166,476
retail-food-inspection-guide#027,retail-food-inspection-guide.txt,2126,458
retail-food-inspection-guide#028,retail-food-inspection-guide.txt,2101,485
retail-food-inspection-guide#029,retail-food-inspection-guide.txt,1943,454
retail-food-inspection-guide#030,retail-food-inspection-guide.txt,2048,471
retail-food-inspection-guide#031,retail-food-inspection-guide.txt,2345,474
retail-food-inspection-guide#032,retail-food-inspection-guide.txt,2136,467
retail-food-inspection-guide#033,retail-food-inspection-guide.txt,2032,467
retail-food-inspection-guide#034,retail-food-inspection-guide.txt,2595,456
retail-food-inspection-guide#035,retail-food-inspection-guide.txt,1938,458
retail-food-inspection-guide#036,retail-food-inspection-guide.txt,1325,368
retail-food-inspection-guide#037,retail-food-inspection-guide.txt,1646,446
retail-food-inspection-guide#038,retail-food-inspection-guide.txt,2097,440
retail-food-inspection-guide#039,retail-food-inspection-guide.txt,2488,465
retail-food-inspection-guide#040,retail-food-inspection-guide.txt,2311,470
retail-food-inspection-guide#041,retail-food-inspection-guide.txt,2289,475
retail-food-inspection-guide#042,retail-food-inspection-guide.txt,2005,385
retail-food-inspection-guide#043,retail-food-inspection-guide.txt,1962,484
retail-food-inspection-guide#044,retail-food-inspection-guide.txt,2113,479
retail-food-inspection-guide#045,retail-food-inspection-guide.txt,1950,393
retail-food-inspection-guide#046,retail-food-inspection-guide.txt,1970,471
retail-food-inspection-guide#047,retail-food-inspection-guide.txt,2145,468
retail-food-inspection-guide#048,retail-food-inspection-guide.txt,2514,470
retail-food-inspection-guide#049,retail-food-inspection-guide.txt,2408,465
retail-food-inspection-guide#050,retail-food-inspection-guide.txt,2363,469
retail-food-inspection-guide#051,retail-food-inspection-guide.txt,1635,388
retail-food-inspection-guide#052,retail-food-inspection-guide.txt,2262,486
retail-food-inspection-guide#053,retail-food-inspection-guide.txt,2245,467
retail-food-inspection-guide#054,retail-food-inspection-guide.txt,2017,485
retail-food-inspection-guide#055,retail-food-inspection-guide.txt,1925,469
retail-food-inspection-guide#056,retail-food-inspection-guide.txt,2042,473
retail-food-inspection-guide#057,retail-food-inspection-guide.txt,1976,474
retail-food-inspection-guide#058,retail-food-inspection-guide.txt,2176,456
retail-food-inspection-guide#059,retail-food-inspection-guide.txt,2536,459
retail-food-inspection-guide#060,retail-food-inspection-guide.txt,2119,480
retail-food-inspection-guide#061,retail-food-inspection-guide.txt,1922,444
retail-food-inspection-guide#062,retail-food-inspection-guide.txt,1960,462
retail-food-inspection-guide#063,retail-food-inspection-guide.txt,1869,446
retail-food-inspection-guide#064,retail-food-inspection-guide.txt,1837,405
retail-food-inspection-guide#065,retail-food-inspection-guide.txt,2413,466
retail-food-inspection-guide#066,retail-food-inspection-guide.txt,2479,465
retail-food-inspection-guide#067,retail-food-inspection-guide.txt,2494,468
retail-food-inspection-guide#068,retail-food-inspection-guide.txt,2001,457
retail-food-inspection-guide#069,retail-food-inspection-guide.txt,2040,467
retail-food-inspection-guide#070,retail-food-inspection-guide.txt,2339,470
retail-food-inspection-guide#071,retail-food-inspection-guide.txt,2576,465
retail-food-inspection-guide#072,retail-food-inspection-guide.txt,2376,470
retail-food-inspection-guide#073,retail-food-inspection-guide.txt,1999,467
retail-food-inspection-guide#074,retail-food-inspection-guide.txt,1825,434
retail-food-inspection-guide#075,retail-food-inspection-guide.txt,2443,464
retail-food-inspection-guide#076,retail-food-inspection-guide.txt,2233,433
retail-food-inspection-guide#077,retail-food-inspection-guide.txt,2079,480
retail-food-inspection-guide#078,retail-food-inspection-guide.txt,2256,488
retail-food-inspection-guide#079,retail-food-inspection-guide.txt,1967,449
retail-food-inspection-guide#080,retail-food-inspection-guide.txt,1967,477
retail-food-inspection-guide#081,retail-food-inspection-guide.txt,2061,479
retail-food-inspection-guide#082,retail-food-inspection-guide.txt,2428,479
retail-food-inspection-guide#083,retail-food-inspection-guide.txt,2190,469
retail-food-inspection-guide#084,retail-food-inspection-guide.txt,2316,467
retail-food-inspection-guide#085,retail-food-inspection-guide.txt,2096,460
retail-food-inspection-guide#086,retail-food-inspection-guide.txt,2364,478
retail-food-inspection-guide#087,retail-food-inspection-guide.txt,2184,470
retail-food-inspection-guide#088,retail-food-inspection-guide.txt,2062,474
retail-food-inspection-guide#089,retail-food-inspection-guide.txt,2080,458
retail-food-inspection-guide#090,retail-food-inspection-guide.txt,2186,464
retail-food-inspection-guide#091,retail-food-inspection-guide.txt,1756,390
retail-food-inspection-guide#092,retail-food-inspection-guide.txt,2517,479
retail-food-inspection-guide#093,retail-food-inspection-guide.txt,2193,463
retail-food-inspection-guide#094,retail-food-inspection-guide.txt,2357,472
retail-food-inspection-guide#095,retail-food-inspection-guide.txt,1982,470
retail-food-inspection-guide#096,retail-food-inspection-guide.txt,1962,463
retail-food-inspection-guide#097,retail-food-inspection-guide.txt,1997,459
retail-food-inspection-guide#098,retail-food-inspection-guide.txt,2584,468
retail-food-inspection-guide#099,retail-food-inspection-guide.txt,2405,474
retail-food-inspection-guide#100,retail-food-inspection-guide.txt,2187,479
retail-food-inspection-guide#101,retail-food-inspection-guide.txt,2132,440
retail-food-inspection-guide#102,retail-food-inspection-guide.txt,2141,480
retail-food-inspection-guide#103,retail-food-inspection-guide.txt,2019,470
retail-food-inspection-guide#104,retail-food-inspection-guide.txt,2209,465
retail-food-inspection-guide#105,retail-food-inspection-guide.txt,2705,476
retail-food-inspection-guide#106,retail-food-inspection-guide.txt,2338,423
retail-food-inspection-guide#107,retail-food-inspection-guide.txt,2185,449
retail-food-inspection-guide#108,retail-food-inspection-guide.txt,2459,459
retail-food-inspection-guide#109,retail-food-inspection-guide.txt,2350,472
retail-food-inspection-guide#110,retail-food-inspection-guide.txt,2173,483
retail-food-inspection-guide#111,retail-food-inspection-guide.txt,2502,468
retail-food-inspection-guide#112,retail-food-inspection-guide.txt,2195,459
retail-food-inspection-guide#113,retail-food-inspection-guide.txt,1947,368
retail-food-inspection-guide#114,retail-food-inspection-guide.txt,1934,477
retail-food-inspection-guide#115,retail-food-inspection-guide.txt,1993,467
retail-food-inspection-guide#116,retail-food-inspection-guide.txt,1736,423
retail-food-inspection-guide#117,retail-food-inspection-guide.txt,2549,474
retail-food-inspection-guide#118,retail-food-inspection-guide.txt,2098,480
retail-food-inspection-guide#119,retail-food-inspection-guide.txt,2282,479
retail-food-inspection-guide#120,retail-food-inspection-guide.txt,2256,485
retail-food-inspection-guide#121,retail-food-inspection-guide.txt,2362,438
retail-food-inspection-guide#122,retail-food-inspection-guide.txt,2184,467
retail-food-inspection-guide#123,retail-food-inspection-guide.txt,1923,477
retail-food-inspection-guide#124,retail-food-inspection-guide.txt,1980,469
retail-food-inspection-guide#125,retail-food-inspection-guide.txt,2011,464
retail-food-inspection-guide#126,retail-food-inspection-guide.txt,2388,465
retail-food-inspection-guide#127,retail-food-inspection-guide.txt,2679,476
retail-food-inspection-guide#128,retail-food-inspection-guide.txt,2419,457
retail-food-inspection-guide#129,retail-food-inspection-guide.txt,2083,478
retail-food-inspection-guide#130,retail-food-inspection-guide.txt,2024,463
retail-food-inspection-guide#131,retail-food-inspection-guide.txt,1973,478
retail-food-inspection-guide#132,retail-food-inspection-guide.txt,1888,468
retail-food-inspection-guide#133,retail-food-inspection-guide.txt,1976,449
retail-food-inspection-guide#134,retail-food-inspection-guide.txt,2439,457
retail-food-inspection-guide#135,retail-food-inspection-guide.txt,2165,470
retail-food-inspection-guide#136,retail-food-inspection-guide.txt,1782,467
retail-food-inspection-guide#137,retail-food-inspection-guide.txt,2049,469
retail-food-inspection-guide#138,retail-food-inspection-guide.txt,2243,468
retail-food-inspection-guide#139,retail-food-inspection-guide.txt,2643,478
retail-food-inspection-guide#140,retail-food-inspection-guide.txt,2025,449
retail-food-inspection-guide#141,retail-food-inspection-guide.txt,2422,471
retail-food-inspection-guide#142,retail-food-inspection-guide.txt,2694,479
retail-food-inspection-guide#143,retail-food-inspection-guide.txt,1860,459
retail-food-inspection-guide#144,retail-food-inspection-guide.txt,1933,474
retail-food-inspection-guide#145,retail-food-inspection-guide.txt,2398,481
retail-food-inspection-guide#146,retail-food-inspection-guide.txt,2002,436
retail-food-inspection-guide#147,retail-food-inspection-guide.txt,1912,463
retail-food-inspection-guide#148,retail-food-inspection-guide.txt,2132,466
retail-food-inspection-guide#149,retail-food-inspection-guide.txt,2554,470
retail-food-inspection-guide#150,retail-food-inspection-guide.txt,2082,449
retail-food-inspection-guide#151,retail-food-inspection-guide.txt,1940,473
retail-food-inspection-guide#152,retail-food-inspection-guide.txt,2214,473
retail-food-inspection-guide#153,retail-food-inspection-guide.txt,2014,471
retail-food-inspection-guide#154,retail-food-inspection-guide.txt,2239,477
retail-food-inspection-guide#155,retail-food-inspection-guide.txt,2108,476
retail-food-inspection-guide#156,retail-food-inspection-guide.txt,1921,454
retail-food-inspection-guide#157,retail-food-inspection-guide.txt,2155,479
retail-food-inspection-guide#158,retail-food-inspection-guide.txt,2617,463
retail-food-inspection-guide#159,retail-food-inspection-guide.txt,2336,466
retail-food-inspection-guide#160,retail-food-inspection-guide.txt,1558,394
retail-food-inspection-guide#161,retail-food-inspection-guide.txt,2070,480
retail-food-inspection-guide#162,retail-food-inspection-guide.txt,2200,453
retail-food-inspection-guide#163,retail-food-inspection-guide.txt,2089,482
retail-food-inspection-guide#164,retail-food-inspection-guide.txt,2255,471
retail-food-inspection-guide#165,retail-food-inspection-guide.txt,2124,462
retail-food-inspection-guide#166,retail-food-inspection-guide.txt,2210,482
retail-food-inspection-guide#167,retail-food-inspection-guide.txt,2438,456
retail-food-inspection-guide#168,retail-food-inspection-guide.txt,1789,416
retail-food-inspection-guide#169,retail-food-inspection-guide.txt,2387,478
retail-food-inspection-guide#170,retail-food-inspection-guide.txt,2226,459
retail-food-inspection-guide#171,retail-food-inspection-guide.txt,1961,431
retail-food-inspection-guide#172,retail-food-inspection-guide.txt,2225,471
retail-food-inspection-guide#173,retail-food-inspection-guide.txt,1966,463
retail-food-inspection-guide#174,retail-food-inspection-guide.txt,2082,453
retail-food-inspection-guide#175,retail-food-inspection-guide.txt,2094,478
retail-food-inspection-guide#176,retail-food-inspection-guide.txt,2238,477
retail-food-inspection-guide#177,retail-food-inspection-guide.txt,2138,460
retail-food-inspection-guide#178,retail-food-inspection-guide.txt,2210,475
retail-food-inspection-guide#179,retail-food-inspection-guide.txt,845,268
retail-food-inspection-guide#180,retail-food-inspection-guide.txt,879,347
retail-food-inspection-guide#181,retail-food-inspection-guide.txt,1131,451
retail-food-inspection-guide#182,retail-food-inspection-guide.txt,1348,488
retail-food-inspection-guide#183,retail-food-inspection-guide.txt,1185,434
retail-food-inspection-guide#184,retail-food-inspection-guide.txt,1909,478
retail-food-inspection-guide#185,retail-food-inspection-guide.txt,2363,475
retail-food-inspection-guide#186,retail-food-inspection-guide.txt,1127,228
retail-food-inspection-guide#187,retail-food-inspection-guide.txt,2102,480
retail-food-inspection-guide#188,retail-food-inspection-guide.txt,2379,464
retail-food-inspection-guide#189,retail-food-inspection-guide.txt,2215,450
retail-food-inspection-guide#190,retail-food-inspection-guide.txt,1968,473
retail-food-inspection-guide#191,retail-food-inspection-guide.txt,2255,466
retail-food-inspection-guide#192,retail-food-inspection-guide.txt,1086,252
retail-food-inspection-guide#193,retail-food-inspection-guide.txt,1748,477
retail-food-inspection-guide#194,retail-food-inspection-guide.txt,2390,473
retail-food-inspection-guide#195,retail-food-inspection-guide.txt,2435,466
retail-food-inspection-guide#196,retail-food-inspection-guide.txt,2217,471
retail-food-inspection-guide#197,retail-food-inspection-guide.txt,2280,459
retail-food-inspection-guide#198,retail-food-inspection-guide.txt,2121,450
retail-food-inspection-guide#199,retail-food-inspection-guide.txt,2354,477
retail-food-inspection-guide#200,retail-food-inspection-guide.txt,2360,470
retail-food-inspection-guide#201,retail-food-inspection-guide.txt,2359,473
retail-food-inspection-guide#202,retail-food-inspection-guide.txt,2321,470
retail-food-inspection-guide#203,retail-food-inspection-guide.txt,2379,480
retail-food-inspection-guide#204,retail-food-inspection-guide.txt,2340,476
retail-food-inspection-guide#205,retail-food-inspection-guide.txt,2415,467
retail-food-inspection-guide#206,retail-food-inspection-guide.txt,2444,484
retail-food-inspection-guide#207,retail-food-inspection-guide.txt,2378,477
retail-food-inspection-guide#208,retail-food-inspection-guide.txt,2271,466
retail-food-inspection-guide#209,retail-food-inspection-guide.txt,2275,462
retail-food-inspection-guide#210,retail-food-inspection-guide.txt,2167,465
retail-food-inspection-guide#211,retail-food-inspection-guide.txt,2214,460
retail-food-inspection-guide#212,retail-food-inspection-guide.txt,2463,469
retail-food-inspection-guide#213,retail-food-inspection-guide.txt,2333,460
retail-food-inspection-guide#214,retail-food-inspection-guide.txt,2463,462
retail-food-inspection-guide#215,retail-food-inspection-guide.txt,2389,475
retail-food-inspection-guide#216,retail-food-inspection-guide.txt,2234,464
retail-food-inspection-guide#217,retail-food-inspection-guide.txt,1969,406
wikipedia-danger-zone-food-safety#000,wikipedia-danger-zone-food-safety.txt,1615,333
wikipedia-danger-zone-food-safety#001,wikipedia-danger-zone-food-safety.txt,1701,387
wikipedia-danger-zone-food-safety#002,wikipedia-danger-zone-food-safety.txt,1146,220
wikipedia-restaurant-rating#000,wikipedia-restaurant-rating.txt,1963,379
wikipedia-restaurant-rating#001,wikipedia-restaurant-rating.txt,2495,470
wikipedia-restaurant-rating#002,wikipedia-restaurant-rating.txt,2143,379
