question_id,question_type,config,top_k,retrieved_chunk_ids,retrieved_scores,context_chunk_ids,dropped,context_tokens,correct_retrieval,correct_answer,grounded,refused,refused_when_needed,format_compliant,ambiguity_flagged,refused_by_filter,llm_seconds,answer,n_retrieved,n_relevant_retrieved,n_irrelevant_retrieved
Q2,answer needs two chunks,B,1,wikipedia-danger-zone-food-safety#001,0.7789,wikipedia-danger-zone-food-safety#001,,387,False,False,True,True,False,False,,False,17.89,"The inspection report does not provide specific temperature measurements for the 5-gallon buckets cooling at room temperature. According to the FSIS guidance described in the danger zone article, food should no longer be consumed if it remains in the danger zone for more than two hours.",1,1,0
Q2,answer needs two chunks,C,1,wikipedia-danger-zone-food-safety#001,0.7789,wikipedia-danger-zone-food-safety#001,,387,False,False,True,True,False,True,,False,19.98,"The sources do not mention the temperature measured by the 5-gallon buckets at Dat Thanh Restaurant [Source 1]. According to the FSIS guidance, food should not be consumed if it remains in the danger zone for more than two hours [Source 1].",1,1,0
Q2,answer needs two chunks,B,3,wikipedia-danger-zone-food-safety#001;retail-food-inspection-guide#196;print1#000,0.7789;0.7699;0.7671,wikipedia-danger-zone-food-safety#001;retail-food-inspection-guide#196;print1#000,,1311,True,True,True,False,True,False,,False,278.05,"The 5-gallon buckets measured 155°F while cooling at room temperature. According to the FSIS guidance, food should not be consumed if it remains in the danger zone for more than two hours.",3,2,1
Q2,answer needs two chunks,C,3,wikipedia-danger-zone-food-safety#001;retail-food-inspection-guide#196;print1#000,0.7789;0.7699;0.7671,wikipedia-danger-zone-food-safety#001;retail-food-inspection-guide#196;print1#000,,1311,True,True,True,False,True,True,,False,139.93,"The 5-gallon buckets measured 155°F while cooling at room temperature [Source 3]. According to the FSIS guidance, food should not be consumed if it remains in the danger zone for more than two hours [Source 1].",3,2,1
Q2,answer needs two chunks,B,5,wikipedia-danger-zone-food-safety#001;retail-food-inspection-guide#196;print1#000;wikipedia-danger-zone-food-safety#000;abc-retail-food-inspection-guide.pdf#022,0.7789;0.7699;0.7671;0.7653;0.7650,wikipedia-danger-zone-food-safety#001;retail-food-inspection-guide#196;print1#000;wikipedia-danger-zone-food-safety#000;abc-retail-food-inspection-guide.pdf#022,,2113,True,True,True,False,True,False,,False,94.59,"In the Dat Thanh Restaurant inspection report, the 5-gallon buckets measured **155°F** while cooling at room temperature. According to the FSIS guidance described in the danger zone article, food should **not be consumed** if it has remained in the danger zone for **more than two hours**.",5,3,2
Q2,answer needs two chunks,C,5,wikipedia-danger-zone-food-safety#001;retail-food-inspection-guide#196;print1#000;wikipedia-danger-zone-food-safety#000;abc-retail-food-inspection-guide.pdf#022,0.7789;0.7699;0.7671;0.7653;0.7650,wikipedia-danger-zone-food-safety#001;retail-food-inspection-guide#196;print1#000;wikipedia-danger-zone-food-safety#000;abc-retail-food-inspection-guide.pdf#022,,2113,True,True,True,False,True,True,,False,183.66,"The 5-gallon buckets measured 155°F while cooling at room temperature [Source 3]. According to the FSIS guidance, food should not be consumed if it has remained in the danger zone for more than two hours [Source 1].",5,3,2
Q3,similar information across documents,B,1,retail-food-inspection-guide#039,0.8098,retail-food-inspection-guide#039,,465,False,False,True,False,True,False,,False,24.24,The temperature at or below which potentially hazardous food must be held when it is cold-held is **45°F**.,1,0,1
Q3,similar information across documents,C,1,retail-food-inspection-guide#039,0.8098,retail-food-inspection-guide#039,,465,False,False,True,False,True,True,,False,32.55,Potentially hazardous food must be held at or below 45°F when it is cold-held [Source 1].,1,0,1
Q3,similar information across documents,B,3,retail-food-inspection-guide#039;retail-food-inspection-guide#038;abc-retail-food-inspection-guide.pdf#022,0.8098;0.8074;0.7976,retail-food-inspection-guide#039;retail-food-inspection-guide#038;abc-retail-food-inspection-guide.pdf#022,,1374,True,True,True,False,True,False,,False,60.77,The temperature at or below which potentially hazardous food must be held when it is cold-held is **41°F**.,3,1,2
Q3,similar information across documents,C,3,retail-food-inspection-guide#039;retail-food-inspection-guide#038;abc-retail-food-inspection-guide.pdf#022,0.8098;0.8074;0.7976,retail-food-inspection-guide#039;retail-food-inspection-guide#038;abc-retail-food-inspection-guide.pdf#022,,1374,True,False,True,False,True,True,,False,65.87,Potentially hazardous food must be held at or below 45°F when cold-held [Source 1].,3,1,2
Q3,similar information across documents,B,5,retail-food-inspection-guide#039;retail-food-inspection-guide#038;abc-retail-food-inspection-guide.pdf#022;retail-food-inspection-guide#042;wikipedia-danger-zone-food-safety#001,0.8098;0.8074;0.7976;0.7945;0.7939,retail-food-inspection-guide#039;retail-food-inspection-guide#038;abc-retail-food-inspection-guide.pdf#022;retail-food-inspection-guide#042;wikipedia-danger-zone-food-safety#001,,2146,True,False,True,False,True,False,,False,157.43,The temperature at or below which potentially hazardous food must be held when it is cold-held is **45°F**.,5,1,4
Q3,similar information across documents,C,5,retail-food-inspection-guide#039;retail-food-inspection-guide#038;abc-retail-food-inspection-guide.pdf#022;retail-food-inspection-guide#042;wikipedia-danger-zone-food-safety#001,0.8098;0.8074;0.7976;0.7945;0.7939,retail-food-inspection-guide#039;retail-food-inspection-guide#038;abc-retail-food-inspection-guide.pdf#022;retail-food-inspection-guide#042;wikipedia-danger-zone-food-safety#001,,2146,True,False,True,False,True,True,,False,140.39,Potentially hazardous food must be cold-held at or below 45°F [Source 1].,5,1,4
