failure_rate,call_index,seed,query,attempts,injected_failures,attempt_outcomes,ok,latency_ms,result_count,error
0.0,1,267117,golden,1,0,S,True,462.841,10,
0.0,2,267117,kitchen,1,0,S,True,3.006,10,
0.0,3,267117,taqueria,1,0,S,True,2.766,10,
0.0,4,267117,pho,1,0,S,True,2.65,10,
0.0,5,267117,story rd,1,0,S,True,2.693,10,
0.0,6,267117,bakery,1,0,S,True,2.709,10,
0.0,7,267117,grill,1,0,S,True,2.488,10,
0.0,8,267117,95122,1,0,S,True,2.845,10,
0.0,9,267117,sushi,1,0,S,True,2.578,10,
0.0,10,267117,cafe,1,0,S,True,2.632,10,
0.0,11,267117,golden,1,0,S,True,2.848,10,
0.0,12,267117,kitchen,1,0,S,True,2.744,10,
0.0,13,267117,taqueria,1,0,S,True,2.736,10,
0.0,14,267117,pho,1,0,S,True,2.87,10,
0.0,15,267117,story rd,1,0,S,True,2.86,10,
0.0,16,267117,bakery,1,0,S,True,2.926,10,
0.0,17,267117,grill,1,0,S,True,2.857,10,
0.0,18,267117,95122,1,0,S,True,2.778,10,
0.0,19,267117,sushi,1,0,S,True,2.781,10,
0.0,20,267117,cafe,1,0,S,True,2.842,10,
0.0,21,267117,golden,1,0,S,True,2.824,10,
0.0,22,267117,kitchen,1,0,S,True,2.749,10,
0.0,23,267117,taqueria,1,0,S,True,3.008,10,
0.0,24,267117,pho,1,0,S,True,2.866,10,
0.0,25,267117,story rd,1,0,S,True,3.067,10,
0.0,26,267117,bakery,1,0,S,True,3.157,10,
0.0,27,267117,grill,1,0,S,True,2.716,10,
0.0,28,267117,95122,1,0,S,True,2.915,10,
0.0,29,267117,sushi,1,0,S,True,2.878,10,
0.0,30,267117,cafe,1,0,S,True,2.774,10,
0.0,31,267117,golden,1,0,S,True,3.075,10,
0.0,32,267117,kitchen,1,0,S,True,2.99,10,
0.0,33,267117,taqueria,1,0,S,True,2.881,10,
0.0,34,267117,pho,1,0,S,True,3.003,10,
0.0,35,267117,story rd,1,0,S,True,2.911,10,
0.0,36,267117,bakery,1,0,S,True,3.039,10,
0.0,37,267117,grill,1,0,S,True,3.108,10,
0.0,38,267117,95122,1,0,S,True,2.813,10,
0.0,39,267117,sushi,1,0,S,True,2.818,10,
0.0,40,267117,cafe,1,0,S,True,2.938,10,
0.0,41,267117,golden,1,0,S,True,2.876,10,
0.0,42,267117,kitchen,1,0,S,True,3.233,10,
0.0,43,267117,taqueria,1,0,S,True,3.062,10,
0.0,44,267117,pho,1,0,S,True,2.839,10,
0.0,45,267117,story rd,1,0,S,True,3.013,10,
0.0,46,267117,bakery,1,0,S,True,3.023,10,
0.0,47,267117,grill,1,0,S,True,2.878,10,
0.0,48,267117,95122,1,0,S,True,2.935,10,
0.0,49,267117,sushi,1,0,S,True,2.78,10,
0.0,50,267117,cafe,1,0,S,True,2.826,10,
0.2,1,267117,golden,1,0,S,True,3.15,10,
0.2,2,267117,kitchen,1,0,S,True,2.948,10,
0.2,3,267117,taqueria,1,0,S,True,3.384,10,
0.2,4,267117,pho,1,0,S,True,3.305,10,
0.2,5,267117,story rd,1,0,S,True,3.464,10,
0.2,6,267117,bakery,1,0,S,True,3.583,10,
0.2,7,267117,grill,1,0,S,True,3.199,10,
0.2,8,267117,95122,1,0,S,True,3.43,10,
0.2,9,267117,sushi,1,0,S,True,3.028,10,
0.2,10,267117,cafe,1,0,S,True,2.898,10,
0.2,11,267117,golden,1,0,S,True,3.154,10,
0.2,12,267117,kitchen,1,0,S,True,3.059,10,
0.2,13,267117,taqueria,1,0,S,True,3.002,10,
0.2,14,267117,pho,1,0,S,True,2.815,10,
0.2,15,267117,story rd,1,0,S,True,2.663,10,
0.2,16,267117,bakery,1,0,S,True,2.75,10,
0.2,17,267117,grill,1,0,S,True,2.689,10,
0.2,18,267117,95122,1,0,S,True,2.715,10,
0.2,19,267117,sushi,1,0,S,True,2.713,10,
0.2,20,267117,cafe,3,2,FFS,True,310.932,10,
0.2,21,267117,golden,1,0,S,True,3.164,10,
0.2,22,267117,kitchen,1,0,S,True,2.921,10,
0.2,23,267117,taqueria,2,1,FS,True,106.618,10,
0.2,24,267117,pho,1,0,S,True,2.963,10,
0.2,25,267117,story rd,1,0,S,True,2.651,10,
0.2,26,267117,bakery,1,0,S,True,2.745,10,
0.2,27,267117,grill,1,0,S,True,2.604,10,
0.2,28,267117,95122,1,0,S,True,2.59,10,
0.2,29,267117,sushi,1,0,S,True,2.615,10,
0.2,30,267117,cafe,1,0,S,True,2.881,10,
0.2,31,267117,golden,1,0,S,True,2.994,10,
0.2,32,267117,kitchen,1,0,S,True,2.757,10,
0.2,33,267117,taqueria,1,0,S,True,2.669,10,
0.2,34,267117,pho,1,0,S,True,2.589,10,
0.2,35,267117,story rd,1,0,S,True,2.666,10,
0.2,36,267117,bakery,1,0,S,True,2.72,10,
0.2,37,267117,grill,1,0,S,True,2.568,10,
0.2,38,267117,95122,1,0,S,True,2.621,10,
0.2,39,267117,sushi,1,0,S,True,2.482,10,
0.2,40,267117,cafe,1,0,S,True,2.417,10,
0.2,41,267117,golden,1,0,S,True,2.735,10,
0.2,42,267117,kitchen,1,0,S,True,2.745,10,
0.2,43,267117,taqueria,1,0,S,True,2.588,10,
0.2,44,267117,pho,1,0,S,True,2.676,10,
0.2,45,267117,story rd,1,0,S,True,2.544,10,
0.2,46,267117,bakery,1,0,S,True,2.676,10,
0.2,47,267117,grill,1,0,S,True,2.645,10,
0.2,48,267117,95122,1,0,S,True,2.481,10,
0.2,49,267117,sushi,2,1,FS,True,108.639,10,
0.2,50,267117,cafe,1,0,S,True,2.876,10,
0.5,1,267117,golden,2,1,FS,True,109.906,10,
0.5,2,267117,kitchen,1,0,S,True,4.55,10,
0.5,3,267117,taqueria,1,0,S,True,3.208,10,
0.5,4,267117,pho,2,1,FS,True,107.523,10,
0.5,5,267117,story rd,2,1,FS,True,107.854,10,
0.5,6,267117,bakery,1,0,S,True,2.799,10,
0.5,7,267117,grill,1,0,S,True,2.659,10,
0.5,8,267117,95122,2,1,FS,True,109.044,10,
0.5,9,267117,sushi,2,1,FS,True,110.979,10,
0.5,10,267117,cafe,1,0,S,True,5.0,10,
0.5,11,267117,golden,3,2,FFS,True,313.371,10,
0.5,12,267117,kitchen,3,3,FFF,False,309.041,,search_inspections failed after 3 attempt(s): TransientError: injected fault (rate=0.5)
0.5,13,267117,taqueria,1,0,S,True,3.513,10,
0.5,14,267117,pho,1,0,S,True,2.94,10,
0.5,15,267117,story rd,1,0,S,True,2.672,10,
0.5,16,267117,bakery,2,1,FS,True,104.436,10,
0.5,17,267117,grill,1,0,S,True,2.706,10,
0.5,18,267117,95122,1,0,S,True,2.873,10,
0.5,19,267117,sushi,1,0,S,True,2.611,10,
0.5,20,267117,cafe,1,0,S,True,2.31,10,
0.5,21,267117,golden,1,0,S,True,2.828,10,
0.5,22,267117,kitchen,3,2,FFS,True,311.731,10,
0.5,23,267117,taqueria,2,1,FS,True,109.21,10,
0.5,24,267117,pho,2,1,FS,True,107.893,10,
0.5,25,267117,story rd,2,1,FS,True,108.936,10,
0.5,26,267117,bakery,1,0,S,True,3.129,10,
0.5,27,267117,grill,1,0,S,True,2.969,10,
0.5,28,267117,95122,1,0,S,True,2.769,10,
0.5,29,267117,sushi,2,1,FS,True,107.908,10,
0.5,30,267117,cafe,1,0,S,True,2.603,10,
0.5,31,267117,golden,1,0,S,True,2.55,10,
0.5,32,267117,kitchen,1,0,S,True,2.669,10,
0.5,33,267117,taqueria,3,3,FFF,False,306.007,,search_inspections failed after 3 attempt(s): TransientError: injected fault (rate=0.5)
0.5,34,267117,pho,2,1,FS,True,109.501,10,
0.5,35,267117,story rd,1,0,S,True,2.893,10,
0.5,36,267117,bakery,3,3,FFF,False,307.67,,search_inspections failed after 3 attempt(s): TransientError: injected fault (rate=0.5)
0.5,37,267117,grill,3,2,FFS,True,312.482,10,
0.5,38,267117,95122,1,0,S,True,4.491,10,
0.5,39,267117,sushi,3,2,FFS,True,309.694,10,
0.5,40,267117,cafe,1,0,S,True,3.428,10,
0.5,41,267117,golden,1,0,S,True,2.611,10,
0.5,42,267117,kitchen,1,0,S,True,2.835,10,
0.5,43,267117,taqueria,1,0,S,True,2.556,10,
0.5,44,267117,pho,3,2,FFS,True,309.042,10,
0.5,45,267117,story rd,2,1,FS,True,106.117,10,
0.5,46,267117,bakery,1,0,S,True,3.758,10,
0.5,47,267117,grill,1,0,S,True,3.267,10,
0.5,48,267117,95122,3,2,FFS,True,312.092,10,
0.5,49,267117,sushi,1,0,S,True,3.179,10,
0.5,50,267117,cafe,1,0,S,True,3.538,10,
