ceiling,run,completed,final_approved,final_turn_count,latency_ms,started_at,finished_at
2,1,False,False,2,11646,2026-09-14T21:21:08.439Z,2026-09-14T21:21:20.085Z
2,2,False,False,2,11007,2026-09-14T21:21:20.085Z,2026-09-14T21:21:31.093Z
2,3,False,False,2,11459,2026-09-14T21:21:31.093Z,2026-09-14T21:21:42.553Z
2,4,False,False,2,11765,2026-09-14T21:21:42.553Z,2026-09-14T21:21:54.319Z
2,5,False,False,2,11690,2026-09-14T21:21:54.319Z,2026-09-14T21:22:06.009Z
2,6,False,False,2,10938,2026-09-14T21:22:06.009Z,2026-09-14T21:22:16.948Z
2,7,False,False,2,11036,2026-09-14T21:22:16.948Z,2026-09-14T21:22:27.984Z
2,8,False,False,2,10353,2026-09-14T21:22:27.984Z,2026-09-14T21:22:38.338Z
2,9,False,False,2,10562,2026-09-14T21:22:38.338Z,2026-09-14T21:22:48.901Z
2,10,False,False,2,11272,2026-09-14T21:22:48.901Z,2026-09-14T21:23:00.174Z
2,11,False,False,2,10513,2026-09-14T21:23:00.174Z,2026-09-14T21:23:10.687Z
2,12,False,False,2,10442,2026-09-14T21:23:10.687Z,2026-09-14T21:23:21.129Z
2,13,False,False,2,10805,2026-09-14T21:23:21.129Z,2026-09-14T21:23:31.935Z
2,14,False,False,2,11559,2026-09-14T21:23:31.935Z,2026-09-14T21:23:43.494Z
2,15,False,False,2,10901,2026-09-14T21:23:43.494Z,2026-09-14T21:23:54.396Z
2,16,False,False,2,10787,2026-09-14T21:23:54.396Z,2026-09-14T21:24:05.184Z
2,17,False,False,2,10666,2026-09-14T21:24:05.184Z,2026-09-14T21:24:15.851Z
2,18,False,False,2,11131,2026-09-14T21:24:15.851Z,2026-09-14T21:24:26.982Z
2,19,False,False,2,10974,2026-09-14T21:24:26.982Z,2026-09-14T21:24:37.957Z
2,20,False,False,2,10796,2026-09-14T21:24:37.957Z,2026-09-14T21:24:48.753Z
10,1,True,True,2,25706,2026-09-14T21:24:48.760Z,2026-09-14T21:25:14.466Z
10,2,True,True,2,24904,2026-09-14T21:25:14.466Z,2026-09-14T21:25:39.371Z
10,3,True,True,2,26305,2026-09-14T21:25:39.371Z,2026-09-14T21:26:05.676Z
10,4,True,True,2,25965,2026-09-14T21:26:05.676Z,2026-09-14T21:26:31.642Z
10,5,True,True,2,25962,2026-09-14T21:26:31.642Z,2026-09-14T21:26:57.605Z
10,6,True,True,2,25514,2026-09-14T21:26:57.605Z,2026-09-14T21:27:23.120Z
10,7,True,True,2,26409,2026-09-14T21:27:23.120Z,2026-09-14T21:27:49.529Z
10,8,True,True,2,25196,2026-09-14T21:27:49.529Z,2026-09-14T21:28:14.726Z
10,9,True,True,2,25951,2026-09-14T21:28:14.726Z,2026-09-14T21:28:40.677Z
10,10,True,True,2,26522,2026-09-14T21:28:40.677Z,2026-09-14T21:29:07.200Z
10,11,True,True,2,25878,2026-09-14T21:29:07.200Z,2026-09-14T21:29:33.079Z
10,12,True,True,2,27053,2026-09-14T21:29:33.079Z,2026-09-14T21:30:00.133Z
10,13,True,True,2,28148,2026-09-14T21:30:00.133Z,2026-09-14T21:30:28.281Z
10,14,True,True,2,26558,2026-09-14T21:30:28.281Z,2026-09-14T21:30:54.839Z
10,15,True,True,2,25058,2026-09-14T21:30:54.839Z,2026-09-14T21:31:19.898Z
10,16,True,True,2,27460,2026-09-14T21:31:19.898Z,2026-09-14T21:31:47.359Z
10,17,True,True,2,27403,2026-09-14T21:31:47.359Z,2026-09-14T21:32:14.762Z
10,18,True,True,2,26460,2026-09-14T21:32:14.762Z,2026-09-14T21:32:41.223Z
10,19,True,True,2,27454,2026-09-14T21:32:41.223Z,2026-09-14T21:33:08.677Z
10,20,True,True,2,28851,2026-09-14T21:33:08.677Z,2026-09-14T21:33:37.529Z
